"X_COORD","Y_COORD","HABITAT"
316000,233000,0
317000,233000,0
318000,233000,0
319000,233000,0
320000,233000,0
321000,233000,1
322000,233000,1
323000,233000,1
324000,233000,1
325000,233000,1
326000,233000,1
327000,233000,1
328000,233000,1
329000,233000,1
330000,233000,1
331000,233000,1
332000,233000,0
333000,233000,0
334000,233000,0
313000,234000,0
314000,234000,0
315000,234000,0
316000,234000,0
317000,234000,0
318000,234000,0
319000,234000,0
320000,234000,0
321000,234000,1
322000,234000,1
323000,234000,1
324000,234000,1
325000,234000,1
326000,234000,1
327000,234000,1
328000,234000,1
329000,234000,1
330000,234000,1
331000,234000,1
332000,234000,0
333000,234000,0
334000,234000,0
335000,234000,0
336000,234000,0
312000,235000,0
313000,235000,0
314000,235000,0
315000,235000,0
316000,235000,0
317000,235000,0
318000,235000,0
319000,235000,0
320000,235000,0
321000,235000,1
322000,235000,1
323000,235000,1
324000,235000,1
325000,235000,1
326000,235000,1
327000,235000,1
328000,235000,1
329000,235000,1
330000,235000,1
331000,235000,1
332000,235000,0
333000,235000,0
334000,235000,0
335000,235000,0
336000,235000,0
337000,235000,0
338000,235000,1
339000,235000,1
310000,236000,0
311000,236000,0
312000,236000,0
313000,236000,0
314000,236000,0
315000,236000,0
316000,236000,0
317000,236000,0
318000,236000,0
319000,236000,0
320000,236000,0
321000,236000,1
322000,236000,1
323000,236000,1
324000,236000,1
325000,236000,1
326000,236000,1
327000,236000,1
328000,236000,1
329000,236000,1
330000,236000,1
331000,236000,1
332000,236000,0
333000,236000,0
334000,236000,0
335000,236000,0
336000,236000,0
337000,236000,0
338000,236000,1
339000,236000,1
340000,236000,1
341000,236000,1
309000,237000,0
310000,237000,0
311000,237000,0
312000,237000,0
313000,237000,0
314000,237000,0
315000,237000,0
316000,237000,0
317000,237000,0
318000,237000,0
319000,237000,0
320000,237000,0
321000,237000,1
322000,237000,1
323000,237000,1
324000,237000,1
325000,237000,1
326000,237000,1
327000,237000,1
328000,237000,1
329000,237000,1
330000,237000,1
331000,237000,0
332000,237000,0
333000,237000,0
334000,237000,0
335000,237000,0
336000,237000,0
337000,237000,0
338000,237000,1
339000,237000,1
340000,237000,1
341000,237000,1
342000,237000,1
343000,237000,1
308000,238000,0
309000,238000,0
310000,238000,0
311000,238000,0
312000,238000,0
313000,238000,0
314000,238000,0
315000,238000,0
316000,238000,0
317000,238000,0
318000,238000,0
319000,238000,0
320000,238000,0
321000,238000,1
322000,238000,1
323000,238000,1
324000,238000,1
325000,238000,1
326000,238000,1
327000,238000,1
328000,238000,1
329000,238000,1
330000,238000,1
331000,238000,0
332000,238000,0
333000,238000,0
334000,238000,0
335000,238000,0
336000,238000,0
337000,238000,0
338000,238000,1
339000,238000,1
340000,238000,1
341000,238000,1
342000,238000,1
343000,238000,1
344000,238000,1
308000,239000,0
309000,239000,0
310000,239000,0
311000,239000,0
312000,239000,0
313000,239000,0
314000,239000,0
315000,239000,0
316000,239000,0
317000,239000,0
318000,239000,0
319000,239000,0
320000,239000,0
321000,239000,0
322000,239000,0
323000,239000,0
324000,239000,1
325000,239000,1
326000,239000,1
327000,239000,1
328000,239000,1
329000,239000,1
330000,239000,1
331000,239000,0
332000,239000,0
333000,239000,0
334000,239000,0
335000,239000,0
336000,239000,0
337000,239000,0
338000,239000,1
339000,239000,1
340000,239000,1
341000,239000,1
342000,239000,1
343000,239000,1
344000,239000,1
345000,239000,1
307000,240000,0
308000,240000,0
309000,240000,0
310000,240000,0
311000,240000,0
312000,240000,0
313000,240000,0
314000,240000,0
315000,240000,0
316000,240000,0
317000,240000,0
318000,240000,0
319000,240000,0
320000,240000,0
321000,240000,0
322000,240000,0
323000,240000,0
324000,240000,1
325000,240000,1
326000,240000,1
327000,240000,1
328000,240000,1
329000,240000,1
330000,240000,1
331000,240000,0
332000,240000,0
333000,240000,0
334000,240000,0
335000,240000,0
336000,240000,0
337000,240000,0
338000,240000,1
339000,240000,1
340000,240000,1
341000,240000,1
342000,240000,1
343000,240000,1
344000,240000,1
345000,240000,1
346000,240000,1
307000,241000,0
308000,241000,0
309000,241000,0
310000,241000,0
311000,241000,0
312000,241000,0
313000,241000,0
314000,241000,0
315000,241000,0
316000,241000,0
317000,241000,0
318000,241000,0
319000,241000,0
320000,241000,0
321000,241000,0
322000,241000,0
323000,241000,0
324000,241000,1
325000,241000,1
326000,241000,1
327000,241000,1
328000,241000,1
329000,241000,1
330000,241000,1
331000,241000,0
332000,241000,0
333000,241000,0
334000,241000,0
335000,241000,0
336000,241000,0
337000,241000,0
338000,241000,1
339000,241000,1
340000,241000,1
341000,241000,1
342000,241000,1
343000,241000,1
344000,241000,1
345000,241000,1
346000,241000,1
306000,242000,0
307000,242000,0
308000,242000,0
309000,242000,0
310000,242000,0
311000,242000,0
312000,242000,0
313000,242000,0
314000,242000,0
315000,242000,0
316000,242000,0
317000,242000,0
318000,242000,0
319000,242000,0
320000,242000,0
321000,242000,0
322000,242000,0
323000,242000,0
324000,242000,1
325000,242000,1
326000,242000,0
327000,242000,0
328000,242000,1
329000,242000,0
330000,242000,0
331000,242000,0
332000,242000,0
333000,242000,0
334000,242000,0
335000,242000,0
336000,242000,0
337000,242000,0
338000,242000,1
339000,242000,1
340000,242000,1
341000,242000,1
342000,242000,1
343000,242000,1
344000,242000,1
345000,242000,1
346000,242000,1
347000,242000,1
306000,243000,0
307000,243000,0
308000,243000,0
309000,243000,0
310000,243000,0
311000,243000,0
312000,243000,0
313000,243000,0
314000,243000,0
315000,243000,0
316000,243000,0
317000,243000,0
318000,243000,0
319000,243000,0
320000,243000,0
321000,243000,0
322000,243000,0
323000,243000,1
324000,243000,1
325000,243000,1
326000,243000,0
327000,243000,0
328000,243000,0
329000,243000,0
330000,243000,0
331000,243000,0
332000,243000,0
333000,243000,0
334000,243000,0
335000,243000,0
336000,243000,0
337000,243000,0
338000,243000,1
339000,243000,1
340000,243000,1
341000,243000,1
342000,243000,1
343000,243000,1
344000,243000,1
345000,243000,1
346000,243000,1
347000,243000,1
305000,244000,0
306000,244000,0
307000,244000,0
308000,244000,0
309000,244000,0
310000,244000,0
311000,244000,0
312000,244000,0
313000,244000,0
314000,244000,0
315000,244000,0
316000,244000,0
317000,244000,0
318000,244000,0
319000,244000,0
320000,244000,0
321000,244000,0
322000,244000,0
323000,244000,1
324000,244000,1
325000,244000,1
326000,244000,0
327000,244000,0
328000,244000,0
329000,244000,0
330000,244000,0
331000,244000,0
332000,244000,0
333000,244000,0
334000,244000,0
335000,244000,0
336000,244000,0
337000,244000,0
338000,244000,1
339000,244000,1
340000,244000,1
341000,244000,1
342000,244000,1
343000,244000,1
344000,244000,1
345000,244000,1
346000,244000,1
347000,244000,1
348000,244000,1
305000,245000,0
306000,245000,0
307000,245000,0
308000,245000,0
309000,245000,0
310000,245000,0
311000,245000,0
312000,245000,0
313000,245000,0
314000,245000,0
315000,245000,0
316000,245000,0
317000,245000,0
318000,245000,0
319000,245000,0
320000,245000,0
321000,245000,0
322000,245000,0
323000,245000,0
324000,245000,0
325000,245000,0
326000,245000,0
327000,245000,0
328000,245000,0
329000,245000,0
330000,245000,0
331000,245000,0
332000,245000,0
333000,245000,0
334000,245000,0
335000,245000,0
336000,245000,0
337000,245000,0
338000,245000,1
339000,245000,1
340000,245000,1
341000,245000,1
342000,245000,1
343000,245000,1
344000,245000,1
345000,245000,1
346000,245000,1
347000,245000,1
348000,245000,1
349000,245000,1
304000,246000,0
305000,246000,0
306000,246000,0
307000,246000,0
308000,246000,0
309000,246000,0
310000,246000,0
311000,246000,0
312000,246000,0
313000,246000,0
314000,246000,0
315000,246000,0
316000,246000,0
317000,246000,0
318000,246000,0
319000,246000,0
320000,246000,0
321000,246000,0
322000,246000,0
323000,246000,0
324000,246000,0
325000,246000,0
326000,246000,0
327000,246000,0
328000,246000,0
329000,246000,0
330000,246000,0
331000,246000,0
332000,246000,0
333000,246000,0
334000,246000,0
335000,246000,0
336000,246000,0
337000,246000,0
338000,246000,1
339000,246000,1
340000,246000,1
341000,246000,1
342000,246000,1
343000,246000,1
344000,246000,1
345000,246000,1
346000,246000,1
347000,246000,1
348000,246000,1
349000,246000,1
304000,247000,0
305000,247000,0
306000,247000,0
307000,247000,0
308000,247000,0
309000,247000,0
310000,247000,0
311000,247000,0
312000,247000,0
313000,247000,0
314000,247000,0
315000,247000,0
316000,247000,0
317000,247000,0
318000,247000,0
319000,247000,0
320000,247000,0
321000,247000,0
322000,247000,0
323000,247000,0
324000,247000,0
325000,247000,0
326000,247000,0
327000,247000,0
328000,247000,0
329000,247000,0
330000,247000,0
331000,247000,0
332000,247000,0
333000,247000,0
334000,247000,0
335000,247000,0
336000,247000,0
337000,247000,0
338000,247000,1
339000,247000,1
340000,247000,1
341000,247000,1
342000,247000,1
343000,247000,1
344000,247000,1
345000,247000,1
346000,247000,1
347000,247000,1
348000,247000,1
349000,247000,1
350000,247000,1
304000,248000,0
305000,248000,0
306000,248000,0
307000,248000,0
308000,248000,0
309000,248000,0
310000,248000,0
311000,248000,0
312000,248000,0
313000,248000,0
314000,248000,0
315000,248000,0
316000,248000,0
317000,248000,0
318000,248000,0
319000,248000,0
320000,248000,0
321000,248000,0
322000,248000,0
323000,248000,0
324000,248000,0
325000,248000,1
326000,248000,1
327000,248000,1
328000,248000,1
329000,248000,1
330000,248000,1
331000,248000,1
332000,248000,0
333000,248000,0
334000,248000,0
335000,248000,0
336000,248000,0
337000,248000,0
338000,248000,1
339000,248000,1
340000,248000,1
341000,248000,1
342000,248000,1
343000,248000,1
344000,248000,1
345000,248000,1
346000,248000,1
347000,248000,1
348000,248000,1
349000,248000,1
350000,248000,1
304000,249000,0
305000,249000,0
306000,249000,0
307000,249000,0
308000,249000,0
309000,249000,0
310000,249000,0
311000,249000,0
312000,249000,0
313000,249000,0
314000,249000,0
315000,249000,0
316000,249000,0
317000,249000,0
318000,249000,0
319000,249000,0
320000,249000,0
321000,249000,1
322000,249000,1
323000,249000,1
324000,249000,1
325000,249000,1
326000,249000,1
327000,249000,1
328000,249000,1
329000,249000,1
330000,249000,1
331000,249000,1
332000,249000,1
333000,249000,0
334000,249000,0
335000,249000,0
336000,249000,0
337000,249000,0
338000,249000,1
339000,249000,1
340000,249000,1
341000,249000,1
342000,249000,1
343000,249000,1
344000,249000,1
345000,249000,1
346000,249000,1
347000,249000,1
348000,249000,1
349000,249000,1
350000,249000,1
351000,249000,1
304000,250000,0
305000,250000,0
306000,250000,0
307000,250000,0
308000,250000,0
309000,250000,0
310000,250000,0
311000,250000,0
312000,250000,0
313000,250000,0
314000,250000,0
315000,250000,0
316000,250000,0
317000,250000,0
318000,250000,0
319000,250000,0
320000,250000,1
321000,250000,1
322000,250000,1
323000,250000,1
324000,250000,1
325000,250000,1
326000,250000,1
327000,250000,1
328000,250000,1
329000,250000,1
330000,250000,1
331000,250000,1
332000,250000,1
333000,250000,1
334000,250000,1
335000,250000,1
336000,250000,0
337000,250000,0
338000,250000,1
339000,250000,1
340000,250000,1
341000,250000,1
342000,250000,1
343000,250000,1
344000,250000,1
345000,250000,1
346000,250000,1
347000,250000,1
348000,250000,1
349000,250000,1
350000,250000,1
351000,250000,1
304000,251000,0
305000,251000,0
306000,251000,0
307000,251000,0
308000,251000,0
309000,251000,0
310000,251000,0
311000,251000,0
312000,251000,0
313000,251000,0
314000,251000,0
315000,251000,0
316000,251000,0
317000,251000,0
318000,251000,0
319000,251000,1
320000,251000,1
321000,251000,1
322000,251000,1
323000,251000,1
324000,251000,1
325000,251000,1
326000,251000,1
327000,251000,1
328000,251000,1
329000,251000,1
330000,251000,1
331000,251000,1
332000,251000,1
333000,251000,1
334000,251000,1
335000,251000,1
336000,251000,1
337000,251000,1
338000,251000,1
339000,251000,1
340000,251000,1
341000,251000,1
342000,251000,1
343000,251000,1
344000,251000,1
345000,251000,1
346000,251000,1
347000,251000,1
348000,251000,1
349000,251000,1
350000,251000,1
351000,251000,1
304000,252000,0
305000,252000,0
306000,252000,0
307000,252000,0
308000,252000,0
309000,252000,0
310000,252000,0
311000,252000,0
312000,252000,0
313000,252000,0
314000,252000,0
315000,252000,0
316000,252000,0
317000,252000,0
318000,252000,0
319000,252000,0
320000,252000,1
321000,252000,1
322000,252000,1
323000,252000,1
324000,252000,1
325000,252000,1
326000,252000,1
327000,252000,1
328000,252000,1
329000,252000,1
330000,252000,1
331000,252000,1
332000,252000,1
333000,252000,1
334000,252000,1
335000,252000,1
336000,252000,1
337000,252000,1
338000,252000,1
339000,252000,1
340000,252000,1
341000,252000,1
342000,252000,1
343000,252000,1
344000,252000,1
345000,252000,1
346000,252000,1
347000,252000,1
348000,252000,1
349000,252000,1
350000,252000,1
351000,252000,1
352000,252000,1
304000,253000,0
305000,253000,0
306000,253000,0
307000,253000,0
308000,253000,0
309000,253000,0
310000,253000,0
311000,253000,0
312000,253000,0
313000,253000,0
314000,253000,0
315000,253000,0
316000,253000,0
317000,253000,0
318000,253000,0
319000,253000,0
320000,253000,0
321000,253000,1
322000,253000,1
323000,253000,1
324000,253000,1
325000,253000,1
326000,253000,1
327000,253000,1
328000,253000,1
329000,253000,1
330000,253000,1
331000,253000,1
332000,253000,1
333000,253000,1
334000,253000,1
335000,253000,1
336000,253000,1
337000,253000,1
338000,253000,1
339000,253000,1
340000,253000,1
341000,253000,1
342000,253000,1
343000,253000,1
344000,253000,1
345000,253000,1
346000,253000,1
347000,253000,1
348000,253000,1
349000,253000,1
350000,253000,1
351000,253000,1
352000,253000,1
304000,254000,0
305000,254000,0
306000,254000,0
307000,254000,0
308000,254000,0
309000,254000,0
310000,254000,0
311000,254000,0
312000,254000,0
313000,254000,0
314000,254000,0
315000,254000,0
316000,254000,0
317000,254000,0
318000,254000,0
319000,254000,0
320000,254000,0
321000,254000,1
322000,254000,1
323000,254000,1
324000,254000,1
325000,254000,1
326000,254000,1
327000,254000,1
328000,254000,1
329000,254000,1
330000,254000,1
331000,254000,1
332000,254000,1
333000,254000,1
334000,254000,1
335000,254000,1
336000,254000,1
337000,254000,1
338000,254000,1
339000,254000,1
340000,254000,1
341000,254000,1
342000,254000,1
343000,254000,1
344000,254000,1
345000,254000,1
346000,254000,1
347000,254000,1
348000,254000,1
349000,254000,1
350000,254000,1
351000,254000,1
352000,254000,1
304000,255000,0
305000,255000,0
306000,255000,0
307000,255000,0
308000,255000,0
309000,255000,0
310000,255000,0
311000,255000,0
312000,255000,0
313000,255000,0
314000,255000,0
315000,255000,0
316000,255000,0
317000,255000,0
318000,255000,0
319000,255000,0
320000,255000,0
321000,255000,0
322000,255000,1
323000,255000,1
324000,255000,1
325000,255000,1
326000,255000,1
327000,255000,1
328000,255000,1
329000,255000,1
330000,255000,1
331000,255000,1
332000,255000,1
333000,255000,1
334000,255000,1
335000,255000,1
336000,255000,1
337000,255000,1
338000,255000,1
339000,255000,1
340000,255000,1
341000,255000,1
342000,255000,1
343000,255000,1
344000,255000,1
345000,255000,1
346000,255000,1
347000,255000,1
348000,255000,1
349000,255000,1
350000,255000,1
351000,255000,1
352000,255000,1
304000,256000,0
305000,256000,0
306000,256000,0
307000,256000,0
308000,256000,0
309000,256000,0
310000,256000,0
311000,256000,0
312000,256000,0
313000,256000,0
314000,256000,0
315000,256000,0
316000,256000,0
317000,256000,0
318000,256000,0
319000,256000,0
320000,256000,0
321000,256000,0
322000,256000,0
323000,256000,0
324000,256000,1
325000,256000,1
326000,256000,1
327000,256000,1
328000,256000,1
329000,256000,1
330000,256000,1
331000,256000,1
332000,256000,1
333000,256000,1
334000,256000,1
335000,256000,1
336000,256000,1
337000,256000,1
338000,256000,1
339000,256000,1
340000,256000,1
341000,256000,1
342000,256000,1
343000,256000,1
344000,256000,1
345000,256000,1
346000,256000,1
347000,256000,1
348000,256000,1
349000,256000,1
350000,256000,1
351000,256000,1
352000,256000,1
353000,256000,1
304000,257000,0
305000,257000,0
306000,257000,0
307000,257000,0
308000,257000,0
309000,257000,0
310000,257000,0
311000,257000,0
312000,257000,0
313000,257000,0
314000,257000,0
315000,257000,0
316000,257000,0
317000,257000,0
318000,257000,0
319000,257000,0
320000,257000,0
321000,257000,0
322000,257000,0
323000,257000,0
324000,257000,0
325000,257000,0
326000,257000,1
327000,257000,1
328000,257000,1
329000,257000,1
330000,257000,1
331000,257000,1
332000,257000,1
333000,257000,1
334000,257000,1
335000,257000,1
336000,257000,1
337000,257000,1
338000,257000,1
339000,257000,1
340000,257000,1
341000,257000,1
342000,257000,1
343000,257000,1
344000,257000,1
345000,257000,1
346000,257000,1
347000,257000,1
348000,257000,1
349000,257000,1
350000,257000,1
351000,257000,1
352000,257000,1
353000,257000,1
304000,258000,0
305000,258000,0
306000,258000,0
307000,258000,0
308000,258000,0
309000,258000,0
310000,258000,0
311000,258000,0
312000,258000,0
313000,258000,0
314000,258000,0
315000,258000,0
316000,258000,0
317000,258000,0
318000,258000,0
319000,258000,0
320000,258000,0
321000,258000,0
322000,258000,0
323000,258000,0
324000,258000,0
325000,258000,0
326000,258000,0
327000,258000,0
328000,258000,1
329000,258000,1
330000,258000,1
331000,258000,1
332000,258000,1
333000,258000,1
334000,258000,1
335000,258000,1
336000,258000,1
337000,258000,1
338000,258000,1
339000,258000,1
340000,258000,1
341000,258000,1
342000,258000,1
343000,258000,1
344000,258000,1
345000,258000,1
346000,258000,1
347000,258000,1
348000,258000,1
349000,258000,1
350000,258000,1
351000,258000,1
352000,258000,1
353000,258000,1
305000,259000,0
306000,259000,0
307000,259000,0
308000,259000,0
309000,259000,0
310000,259000,0
311000,259000,0
312000,259000,0
313000,259000,0
314000,259000,0
315000,259000,0
316000,259000,0
317000,259000,0
318000,259000,0
319000,259000,0
320000,259000,0
321000,259000,0
322000,259000,0
323000,259000,0
324000,259000,0
325000,259000,0
326000,259000,0
327000,259000,0
328000,259000,0
329000,259000,1
330000,259000,1
331000,259000,1
332000,259000,1
333000,259000,1
334000,259000,1
335000,259000,1
336000,259000,1
337000,259000,1
338000,259000,1
339000,259000,1
340000,259000,1
341000,259000,1
342000,259000,1
343000,259000,1
344000,259000,1
345000,259000,1
346000,259000,1
347000,259000,1
348000,259000,1
349000,259000,1
350000,259000,1
351000,259000,1
352000,259000,1
353000,259000,1
305000,260000,0
306000,260000,0
307000,260000,0
308000,260000,0
309000,260000,0
310000,260000,0
311000,260000,0
312000,260000,0
313000,260000,0
314000,260000,0
315000,260000,0
316000,260000,0
317000,260000,0
318000,260000,0
319000,260000,0
320000,260000,0
321000,260000,0
322000,260000,0
323000,260000,0
324000,260000,0
325000,260000,0
326000,260000,0
327000,260000,0
328000,260000,0
329000,260000,0
330000,260000,1
331000,260000,1
332000,260000,1
333000,260000,1
334000,260000,1
335000,260000,1
336000,260000,1
337000,260000,1
338000,260000,1
339000,260000,1
340000,260000,1
341000,260000,1
342000,260000,1
343000,260000,1
344000,260000,1
345000,260000,1
346000,260000,1
347000,260000,1
348000,260000,1
349000,260000,1
350000,260000,1
351000,260000,1
352000,260000,1
353000,260000,1
305000,261000,0
306000,261000,0
307000,261000,0
308000,261000,0
309000,261000,0
310000,261000,0
311000,261000,0
312000,261000,0
313000,261000,0
314000,261000,0
315000,261000,0
316000,261000,0
317000,261000,0
318000,261000,0
319000,261000,0
320000,261000,0
321000,261000,0
322000,261000,0
323000,261000,0
324000,261000,0
325000,261000,0
326000,261000,0
327000,261000,0
328000,261000,0
329000,261000,0
330000,261000,0
331000,261000,1
332000,261000,1
333000,261000,1
334000,261000,1
335000,261000,1
336000,261000,1
337000,261000,1
338000,261000,1
339000,261000,1
340000,261000,1
341000,261000,1
342000,261000,1
343000,261000,1
344000,261000,1
345000,261000,1
346000,261000,1
347000,261000,1
348000,261000,1
349000,261000,1
350000,261000,1
351000,261000,1
352000,261000,1
353000,261000,1
306000,262000,0
307000,262000,0
308000,262000,0
309000,262000,0
310000,262000,0
311000,262000,0
312000,262000,0
313000,262000,0
314000,262000,0
315000,262000,0
316000,262000,0
317000,262000,0
318000,262000,0
319000,262000,0
320000,262000,0
321000,262000,0
322000,262000,0
323000,262000,0
324000,262000,0
325000,262000,0
326000,262000,0
327000,262000,0
328000,262000,0
329000,262000,0
330000,262000,0
331000,262000,1
332000,262000,1
333000,262000,1
334000,262000,1
335000,262000,1
336000,262000,1
337000,262000,1
338000,262000,1
339000,262000,1
340000,262000,1
341000,262000,1
342000,262000,1
343000,262000,1
344000,262000,1
345000,262000,1
346000,262000,1
347000,262000,1
348000,262000,1
349000,262000,1
350000,262000,1
351000,262000,1
352000,262000,1
353000,262000,1
307000,263000,0
308000,263000,0
309000,263000,0
310000,263000,0
311000,263000,0
312000,263000,0
313000,263000,0
314000,263000,0
315000,263000,0
316000,263000,0
317000,263000,0
318000,263000,0
319000,263000,0
320000,263000,0
321000,263000,0
322000,263000,0
323000,263000,0
324000,263000,0
325000,263000,0
326000,263000,0
327000,263000,0
328000,263000,0
329000,263000,0
330000,263000,0
331000,263000,0
332000,263000,1
333000,263000,1
334000,263000,1
335000,263000,1
336000,263000,1
337000,263000,1
338000,263000,1
339000,263000,1
340000,263000,1
341000,263000,1
342000,263000,1
343000,263000,1
344000,263000,1
345000,263000,1
346000,263000,1
347000,263000,1
348000,263000,1
349000,263000,1
350000,263000,1
351000,263000,1
352000,263000,1
353000,263000,1
307000,264000,0
308000,264000,0
309000,264000,0
310000,264000,0
311000,264000,0
312000,264000,0
313000,264000,0
314000,264000,0
315000,264000,0
316000,264000,0
317000,264000,0
318000,264000,0
319000,264000,0
320000,264000,0
321000,264000,0
322000,264000,0
323000,264000,0
324000,264000,0
325000,264000,0
326000,264000,0
327000,264000,0
328000,264000,0
329000,264000,0
330000,264000,0
331000,264000,1
332000,264000,1
333000,264000,1
334000,264000,1
335000,264000,1
336000,264000,1
337000,264000,1
338000,264000,1
339000,264000,1
340000,264000,1
341000,264000,1
342000,264000,1
343000,264000,1
344000,264000,1
345000,264000,1
346000,264000,1
347000,264000,1
348000,264000,1
349000,264000,1
350000,264000,1
351000,264000,1
352000,264000,1
353000,264000,1
308000,265000,0
309000,265000,0
310000,265000,0
311000,265000,0
312000,265000,0
313000,265000,0
314000,265000,0
315000,265000,0
316000,265000,0
317000,265000,0
318000,265000,0
319000,265000,0
320000,265000,0
321000,265000,0
322000,265000,0
323000,265000,0
324000,265000,0
325000,265000,0
326000,265000,0
327000,265000,0
328000,265000,0
329000,265000,0
330000,265000,0
331000,265000,1
332000,265000,1
333000,265000,1
334000,265000,1
335000,265000,1
336000,265000,1
337000,265000,1
338000,265000,1
339000,265000,1
340000,265000,1
341000,265000,1
342000,265000,1
343000,265000,1
344000,265000,1
345000,265000,1
346000,265000,1
347000,265000,1
348000,265000,1
349000,265000,1
350000,265000,1
351000,265000,1
352000,265000,1
309000,266000,0
310000,266000,0
311000,266000,0
312000,266000,0
313000,266000,0
314000,266000,0
315000,266000,0
316000,266000,0
317000,266000,0
318000,266000,0
319000,266000,0
320000,266000,0
321000,266000,0
322000,266000,0
323000,266000,0
324000,266000,0
325000,266000,0
326000,266000,0
327000,266000,0
328000,266000,0
329000,266000,0
330000,266000,0
331000,266000,1
332000,266000,1
333000,266000,1
334000,266000,1
335000,266000,1
336000,266000,1
337000,266000,1
338000,266000,1
339000,266000,1
340000,266000,1
341000,266000,1
342000,266000,1
343000,266000,1
344000,266000,1
345000,266000,1
346000,266000,1
347000,266000,1
348000,266000,1
349000,266000,1
350000,266000,1
351000,266000,1
352000,266000,1
311000,267000,0
312000,267000,0
313000,267000,0
314000,267000,0
315000,267000,0
316000,267000,0
317000,267000,0
318000,267000,0
319000,267000,0
320000,267000,0
321000,267000,0
322000,267000,0
323000,267000,0
324000,267000,0
325000,267000,0
326000,267000,0
327000,267000,0
328000,267000,0
329000,267000,0
330000,267000,0
331000,267000,1
332000,267000,1
333000,267000,1
334000,267000,1
335000,267000,1
336000,267000,1
337000,267000,1
338000,267000,1
339000,267000,1
340000,267000,1
341000,267000,1
342000,267000,1
343000,267000,1
344000,267000,1
345000,267000,1
346000,267000,1
347000,267000,1
348000,267000,1
349000,267000,1
350000,267000,1
351000,267000,1
352000,267000,1
313000,268000,0
314000,268000,0
315000,268000,0
316000,268000,0
317000,268000,0
318000,268000,0
319000,268000,0
320000,268000,0
321000,268000,0
322000,268000,0
323000,268000,0
324000,268000,0
325000,268000,0
326000,268000,0
327000,268000,0
328000,268000,0
329000,268000,0
330000,268000,0
331000,268000,1
332000,268000,1
333000,268000,1
334000,268000,1
335000,268000,1
336000,268000,1
337000,268000,1
338000,268000,1
339000,268000,1
340000,268000,1
341000,268000,1
342000,268000,1
343000,268000,1
344000,268000,1
345000,268000,1
346000,268000,1
347000,268000,1
348000,268000,1
349000,268000,1
350000,268000,1
351000,268000,1
352000,268000,1
315000,269000,0
316000,269000,0
317000,269000,0
318000,269000,0
319000,269000,0
320000,269000,0
321000,269000,0
322000,269000,0
323000,269000,0
324000,269000,0
325000,269000,0
326000,269000,0
327000,269000,0
328000,269000,0
329000,269000,0
330000,269000,0
331000,269000,0
332000,269000,1
333000,269000,1
334000,269000,1
335000,269000,1
336000,269000,1
337000,269000,1
338000,269000,1
339000,269000,1
340000,269000,1
341000,269000,1
342000,269000,1
343000,269000,1
344000,269000,1
345000,269000,1
346000,269000,1
347000,269000,1
348000,269000,1
349000,269000,1
350000,269000,1
351000,269000,1
317000,270000,0
318000,270000,0
319000,270000,0
320000,270000,0
321000,270000,0
322000,270000,0
323000,270000,0
324000,270000,0
325000,270000,0
326000,270000,0
327000,270000,0
328000,270000,0
329000,270000,0
330000,270000,0
331000,270000,0
332000,270000,1
333000,270000,1
334000,270000,1
335000,270000,1
336000,270000,1
337000,270000,1
338000,270000,1
339000,270000,1
340000,270000,1
341000,270000,1
342000,270000,1
343000,270000,1
344000,270000,1
345000,270000,1
346000,270000,1
347000,270000,1
348000,270000,1
349000,270000,1
350000,270000,1
351000,270000,1
317000,271000,0
318000,271000,0
319000,271000,0
320000,271000,0
321000,271000,0
322000,271000,0
323000,271000,0
324000,271000,0
325000,271000,0
326000,271000,0
327000,271000,0
328000,271000,0
329000,271000,0
330000,271000,0
331000,271000,0
332000,271000,0
333000,271000,1
334000,271000,1
335000,271000,1
336000,271000,1
337000,271000,1
338000,271000,1
339000,271000,1
340000,271000,1
341000,271000,1
342000,271000,1
343000,271000,1
344000,271000,1
345000,271000,1
346000,271000,1
347000,271000,1
348000,271000,1
349000,271000,1
350000,271000,1
317000,272000,0
318000,272000,0
319000,272000,0
320000,272000,0
321000,272000,0
322000,272000,0
323000,272000,0
324000,272000,0
325000,272000,0
326000,272000,0
327000,272000,0
328000,272000,0
329000,272000,0
330000,272000,0
331000,272000,0
332000,272000,0
333000,272000,0
334000,272000,0
335000,272000,0
336000,272000,0
337000,272000,1
338000,272000,1
339000,272000,1
340000,272000,1
341000,272000,1
342000,272000,1
343000,272000,1
344000,272000,1
345000,272000,1
346000,272000,1
347000,272000,1
348000,272000,1
349000,272000,1
350000,272000,1
317000,273000,0
318000,273000,0
319000,273000,0
320000,273000,0
321000,273000,0
322000,273000,0
323000,273000,0
324000,273000,0
325000,273000,0
326000,273000,0
327000,273000,0
328000,273000,0
329000,273000,0
330000,273000,0
331000,273000,0
332000,273000,0
333000,273000,0
334000,273000,0
335000,273000,0
336000,273000,0
337000,273000,1
338000,273000,1
339000,273000,1
340000,273000,1
341000,273000,1
342000,273000,1
343000,273000,1
344000,273000,1
345000,273000,1
346000,273000,1
347000,273000,1
348000,273000,1
349000,273000,1
318000,274000,0
319000,274000,0
320000,274000,0
321000,274000,0
322000,274000,0
323000,274000,0
324000,274000,0
325000,274000,0
326000,274000,0
327000,274000,0
328000,274000,0
329000,274000,0
330000,274000,0
331000,274000,0
332000,274000,0
333000,274000,0
334000,274000,0
335000,274000,0
336000,274000,0
337000,274000,1
338000,274000,1
339000,274000,1
340000,274000,1
341000,274000,1
342000,274000,1
343000,274000,1
344000,274000,1
345000,274000,1
346000,274000,1
347000,274000,1
348000,274000,1
349000,274000,1
318000,275000,0
319000,275000,0
320000,275000,0
321000,275000,0
322000,275000,0
323000,275000,0
324000,275000,0
325000,275000,0
326000,275000,0
327000,275000,0
328000,275000,0
329000,275000,0
330000,275000,0
331000,275000,0
332000,275000,0
333000,275000,0
334000,275000,0
335000,275000,0
336000,275000,0
337000,275000,0
338000,275000,1
339000,275000,1
340000,275000,1
341000,275000,1
342000,275000,1
343000,275000,1
344000,275000,1
345000,275000,1
346000,275000,1
347000,275000,1
348000,275000,1
319000,276000,0
320000,276000,0
321000,276000,0
322000,276000,0
323000,276000,0
324000,276000,0
325000,276000,0
326000,276000,0
327000,276000,0
328000,276000,0
329000,276000,0
330000,276000,0
331000,276000,0
332000,276000,0
333000,276000,0
334000,276000,0
335000,276000,0
336000,276000,0
337000,276000,0
338000,276000,1
339000,276000,1
340000,276000,1
341000,276000,1
342000,276000,1
343000,276000,1
344000,276000,1
345000,276000,1
346000,276000,1
347000,276000,1
348000,276000,1
319000,277000,0
320000,277000,0
321000,277000,0
322000,277000,0
323000,277000,0
324000,277000,0
325000,277000,0
326000,277000,0
327000,277000,0
328000,277000,0
329000,277000,0
330000,277000,0
331000,277000,0
332000,277000,0
333000,277000,0
334000,277000,0
335000,277000,0
336000,277000,0
337000,277000,0
338000,277000,1
339000,277000,1
340000,277000,1
341000,277000,1
342000,277000,1
343000,277000,1
344000,277000,1
345000,277000,1
346000,277000,1
347000,277000,1
320000,278000,0
321000,278000,0
322000,278000,0
323000,278000,0
324000,278000,0
325000,278000,0
326000,278000,0
327000,278000,0
328000,278000,0
329000,278000,0
330000,278000,0
331000,278000,0
332000,278000,0
333000,278000,0
334000,278000,0
335000,278000,0
336000,278000,0
337000,278000,0
338000,278000,1
339000,278000,1
340000,278000,1
341000,278000,1
342000,278000,1
343000,278000,1
344000,278000,1
345000,278000,1
346000,278000,1
321000,279000,0
322000,279000,0
323000,279000,0
324000,279000,0
325000,279000,0
326000,279000,0
327000,279000,0
328000,279000,0
329000,279000,0
330000,279000,0
331000,279000,0
332000,279000,0
333000,279000,0
334000,279000,0
335000,279000,0
336000,279000,0
337000,279000,0
338000,279000,1
339000,279000,1
340000,279000,1
341000,279000,1
342000,279000,1
343000,279000,1
344000,279000,1
345000,279000,1
322000,280000,0
323000,280000,0
324000,280000,0
325000,280000,0
326000,280000,0
327000,280000,0
328000,280000,0
329000,280000,0
330000,280000,0
331000,280000,0
332000,280000,0
333000,280000,0
334000,280000,0
335000,280000,0
336000,280000,0
337000,280000,1
338000,280000,1
339000,280000,1
340000,280000,1
341000,280000,1
342000,280000,1
343000,280000,1
344000,280000,1
323000,281000,0
324000,281000,0
325000,281000,0
326000,281000,0
327000,281000,0
328000,281000,0
329000,281000,0
330000,281000,0
331000,281000,0
332000,281000,0
333000,281000,0
334000,281000,0
335000,281000,0
336000,281000,0
337000,281000,1
338000,281000,1
339000,281000,1
340000,281000,1
341000,281000,1
342000,281000,1
343000,281000,1
325000,282000,0
326000,282000,0
327000,282000,0
328000,282000,0
329000,282000,0
330000,282000,0
331000,282000,0
332000,282000,0
333000,282000,0
334000,282000,0
335000,282000,0
336000,282000,1
337000,282000,1
338000,282000,1
339000,282000,1
340000,282000,1
341000,282000,1
328000,283000,0
329000,283000,0
330000,283000,0
331000,283000,1
332000,283000,1
333000,283000,1
334000,283000,1
335000,283000,1
336000,283000,1
337000,283000,1
338000,283000,1
339000,283000,1
